{
  "answers": {
    "phase": "architecture",
    "action": "architectural style selection",
    "scope": "uml component",
    "action experience": 2,
    "target": "MVC",
    "aimodel": "chatgpt 4o",
    "tool option": "online full",
    "experience with tool": 3,
    "time allocated (h)": "5.0",
    "time saved estimate (h)": "3",
    "quality of ai help": 5,
    "knowledge acquired": 4,
    "generic feeling - now": 4,
    "generic feeling - future": 5,
    "threat level": 2,
    "notes": "Architecture log for architectural style selection/uml component evaluating MVC."
  }
}