{
  "answers": {
    "phase": "deployment",
    "action": "deployment",
    "scope": "deployment scripts",
    "action experience": 3,
    "target": "yaml/json",
    "aimodel": "chatgpt 4o",
    "tool option": "online full",
    "experience with tool": 3,
    "time allocated (h)": "3.0",
    "time saved estimate (h)": "3",
    "quality of ai help": 5,
    "knowledge acquired": 1,
    "generic feeling - now": 4,
    "generic feeling - future": 4,
    "threat level": 1,
    "notes": "Generated log for deployment on deployment scripts targeting yaml/json in deployment phase."
  }
}