{
  "answers": {
    "phase": "deployment",
    "action": "deployment",
    "scope": "backend",
    "action experience": 3,
    "target": "nosql db",
    "aimodel": "chatgpt 4o",
    "tool option": "online full",
    "experience with tool": 4,
    "time allocated (h)": "3.0",
    "time saved estimate (h)": "3",
    "quality of ai help": 5,
    "knowledge acquired": 4,
    "generic feeling - now": 3,
    "generic feeling - future": 3,
    "threat level": 2,
    "notes": "Generated log for deployment on backend targeting nosql db in deployment phase."
  }
}