{
  "answers": {
    "phase": "coding",
    "action": "code management",
    "scope": "code management actions",
    "action experience": 2,
    "target": "js / node",
    "aimodel": "chatgpt 4o",
    "tool option": "online free",
    "experience with tool": 4,
    "time allocated (h)": "1",
    "time saved estimate (h)": "2",
    "quality of ai help": 4,
    "knowledge acquired": 4,
    "generic feeling - now": 4,
    "generic feeling - future": 4,
    "threat level": 2,
    "notes": "<fill in>"
  }
}
