{
  "answers": {
    "phase": "design",
    "action": "design decision",
    "scope": "uml component",
    "action experience": 3,
    "target": "md",
    "aimodel": "chatgpt 4o",
    "tool option": "online full",
    "experience with tool": 4,
    "time allocated (h)": "4.5",
    "time saved estimate (h)": "3",
    "quality of ai help": 5,
    "knowledge acquired": 4,
    "generic feeling - now": 4,
    "generic feeling - future": 5,
    "threat level": 5,
    "notes": "Comprehensive design log for design decision/uml component targeting md."
  }
}