{
  "answers": {
    "phase": "architecture",
    "action": "architectural decision",
    "scope": "uml other",
    "action experience": 1,
    "target": "multi-tier",
    "aimodel": "chatgpt 4o",
    "tool option": "online full",
    "experience with tool": 5,
    "time allocated (h)": "4.5",
    "time saved estimate (h)": "3",
    "quality of ai help": 5,
    "knowledge acquired": 3,
    "generic feeling - now": 4,
    "generic feeling - future": 4,
    "threat level": 5,
    "notes": "Architecture log for architectural decision/uml other evaluating multi-tier."
  }
}