{
  "answers": {
    "phase": "architecture",
    "action": "architectural decision",
    "scope": "uml class",
    "action experience": 2,
    "target": "SOA",
    "aimodel": "chatgpt 4o",
    "tool option": "online full",
    "experience with tool": 4,
    "time allocated (h)": "4.5",
    "time saved estimate (h)": "3",
    "quality of ai help": 5,
    "knowledge acquired": 2,
    "generic feeling - now": 3,
    "generic feeling - future": 5,
    "threat level": 3,
    "notes": "Architecture log for architectural decision/uml class evaluating SOA."
  }
}