{
  "answers": {
    "phase": "deployment",
    "action": "dev-ops",
    "scope": "frontend",
    "action experience": 2,
    "target": "sql",
    "aimodel": "chatgpt 4o",
    "tool option": "online full",
    "experience with tool": 3,
    "time allocated (h)": "1.5",
    "time saved estimate (h)": "3",
    "quality of ai help": 5,
    "knowledge acquired": 1,
    "generic feeling - now": 2,
    "generic feeling - future": 5,
    "threat level": 5,
    "notes": "Generated log for dev-ops on frontend targeting sql in deployment phase."
  }
}