{
  "answers": {
    "phase": "coding",
    "action": "code management",
    "scope": "data management",
    "action experience": 0,
    "target": "nosql db",
    "aimodel": "chatgpt 4o",
    "tool option": "online full",
    "experience with tool": 4,
    "time allocated (h)": "4.0",
    "time saved estimate (h)": "3",
    "quality of ai help": 5,
    "knowledge acquired": 3,
    "generic feeling - now": 2,
    "generic feeling - future": 2,
    "threat level": 5,
    "notes": "Log for code management on data management with nosql db during coding."
  }
}