{
  "answers": {
    "phase": "coding",
    "action": "code management",
    "scope": "cli",
    "action experience": 2,
    "target": "C/C++",
    "aimodel": "chatgpt 4o",
    "tool option": "online full",
    "experience with tool": 4,
    "time allocated (h)": "6.0",
    "time saved estimate (h)": "3",
    "quality of ai help": 5,
    "knowledge acquired": 2,
    "generic feeling - now": 2,
    "generic feeling - future": 5,
    "threat level": 4,
    "notes": "Log for code management on cli with C/C++ during coding."
  }
}