{
  "answers": {
    "phase": "architecture",
    "action": "architectural style selection",
    "scope": "uml other",
    "action experience": 0,
    "target": "microservices",
    "aimodel": "chatgpt 4o",
    "tool option": "online full",
    "experience with tool": 5,
    "time allocated (h)": "0.5",
    "time saved estimate (h)": "3",
    "quality of ai help": 5,
    "knowledge acquired": 2,
    "generic feeling - now": 2,
    "generic feeling - future": 2,
    "threat level": 3,
    "notes": "Architecture log for architectural style selection/uml other evaluating microservices."
  }
}