{
  "answers": {
    "phase": "coding",
    "action": "source code authoring",
    "scope": "code management actions",
    "action experience": 2,
    "target": "C/C++",
    "aimodel": "chatgpt 4o",
    "tool option": "online full",
    "experience with tool": 5,
    "time allocated (h)": "3.0",
    "time saved estimate (h)": "3",
    "quality of ai help": 5,
    "knowledge acquired": 2,
    "generic feeling - now": 3,
    "generic feeling - future": 4,
    "threat level": 5,
    "notes": "Log for source code authoring on code management actions with C/C++ during coding."
  }
}