{
  "answers": {
    "phase": "design",
    "action": "data design",
    "scope": "test cases",
    "action experience": 1,
    "target": "txt/doc",
    "aimodel": "chatgpt 4o",
    "tool option": "online full",
    "experience with tool": 5,
    "time allocated (h)": "2.5",
    "time saved estimate (h)": "3",
    "quality of ai help": 5,
    "knowledge acquired": 4,
    "generic feeling - now": 4,
    "generic feeling - future": 4,
    "threat level": 3,
    "notes": "Comprehensive design log for data design/test cases targeting text/doc."
  }
}