{
  "answers": {
    "phase": "coding",
    "action": "code management",
    "scope": "code management actions",
    "action experience": 3,
    "target": "java",
    "aimodel": "chatgpt 4o",
    "tool option": "online full",
    "experience with tool": 5,
    "time allocated (h)": "2.5",
    "time saved estimate (h)": "3",
    "quality of ai help": 5,
    "knowledge acquired": 3,
    "generic feeling - now": 4,
    "generic feeling - future": 5,
    "threat level": 2,
    "notes": "Log for code management on code management actions with java during coding."
  }
}