{
  "answers": {
    "phase": "coding",
    "action": "source code authoring",
    "scope": "backend",
    "action experience": 2,
    "target": "typescript",
    "aimodel": "chatgpt 4o",
    "tool option": "online full",
    "experience with tool": 4,
    "time allocated (h)": "1.5",
    "time saved estimate (h)": "3",
    "quality of ai help": 5,
    "knowledge acquired": 1,
    "generic feeling - now": 3,
    "generic feeling - future": 3,
    "threat level": 5,
    "notes": "Log for source code authoring on backend with typescript during coding."
  }
}