{
  "answers": {
    "phase": "architecture",
    "action": "architectural decision",
    "scope": "uml deployment",
    "action experience": 0,
    "target": "multi-tier",
    "aimodel": "chatgpt 4o",
    "tool option": "online full",
    "experience with tool": 3,
    "time allocated (h)": "4.0",
    "time saved estimate (h)": "3",
    "quality of ai help": 5,
    "knowledge acquired": 3,
    "generic feeling - now": 2,
    "generic feeling - future": 3,
    "threat level": 5,
    "notes": "Architecture log for architectural decision/uml deployment evaluating multi-tier."
  }
}