{
  "answers": {
    "phase": "deployment",
    "action": "network operations",
    "scope": "backend",
    "action experience": 3,
    "target": "yaml/json",
    "aimodel": "chatgpt 4o",
    "tool option": "online full",
    "experience with tool": 4,
    "time allocated (h)": "1.5",
    "time saved estimate (h)": "3",
    "quality of ai help": 5,
    "knowledge acquired": 4,
    "generic feeling - now": 3,
    "generic feeling - future": 5,
    "threat level": 3,
    "notes": "Generated log for network operations on backend targeting yaml/json in deployment phase."
  }
}