{
  "answers": {
    "phase": "deployment",
    "action": "deployment",
    "scope": "deployment scripts",
    "action experience": 1,
    "target": "sql",
    "aimodel": "chatgpt 4o",
    "tool option": "online free",
    "experience with tool": 4,
    "time allocated (h)": "1",
    "time saved estimate (h)": "1",
    "quality of ai help": 3,
    "knowledge acquired": 3,
    "generic feeling - now": 3,
    "generic feeling - future": 3,
    "threat level": 1,
    "notes": "<fill in>"
  }
}