{
  "answers": {
    "phase": "design",
    "action": "data design",
    "scope": "frontend",
    "action experience": 1,
    "target": "txt/doc",
    "aimodel": "chatgpt 4o",
    "tool option": "online full",
    "experience with tool": 4,
    "time allocated (h)": "5.0",
    "time saved estimate (h)": "3",
    "quality of ai help": 5,
    "knowledge acquired": 2,
    "generic feeling - now": 4,
    "generic feeling - future": 4,
    "threat level": 2,
    "notes": "Comprehensive design log for data design/frontend targeting text/doc."
  }
}