{
  "answers": {
    "phase": "design",
    "action": "data design",
    "scope": "uml sequence",
    "action experience": 3,
    "target": "md",
    "aimodel": "chatgpt 4o",
    "tool option": "online full",
    "experience with tool": 3,
    "time allocated (h)": "2.0",
    "time saved estimate (h)": "3",
    "quality of ai help": 5,
    "knowledge acquired": 2,
    "generic feeling - now": 3,
    "generic feeling - future": 3,
    "threat level": 3,
    "notes": "Comprehensive design log for data design/uml sequence targeting md."
  }
}