{
  "answers": {
    "phase": "coding",
    "action": "source code authoring",
    "scope": "cli",
    "action experience": 0,
    "target": "php",
    "aimodel": "chatgpt 4o",
    "tool option": "online full",
    "experience with tool": 5,
    "time allocated (h)": "3.5",
    "time saved estimate (h)": "3",
    "quality of ai help": 5,
    "knowledge acquired": 3,
    "generic feeling - now": 4,
    "generic feeling - future": 4,
    "threat level": 5,
    "notes": "Log for source code authoring on cli with php during coding."
  }
}