{
  "answers": {
    "phase": "design",
    "action": "data design",
    "scope": "cli",
    "action experience": 0,
    "target": "md",
    "aimodel": "chatgpt 4o",
    "tool option": "online full",
    "experience with tool": 3,
    "time allocated (h)": "2.0",
    "time saved estimate (h)": "3",
    "quality of ai help": 5,
    "knowledge acquired": 1,
    "generic feeling - now": 4,
    "generic feeling - future": 5,
    "threat level": 3,
    "notes": "Comprehensive design log for data design/cli targeting md."
  }
}