{
  "answers": {
    "phase": "design",
    "action": "design decision",
    "scope": "frontend",
    "action experience": 3,
    "target": "md",
    "aimodel": "chatgpt 4o",
    "tool option": "online full",
    "experience with tool": 3,
    "time allocated (h)": "1.0",
    "time saved estimate (h)": "3",
    "quality of ai help": 5,
    "knowledge acquired": 3,
    "generic feeling - now": 2,
    "generic feeling - future": 3,
    "threat level": 3,
    "notes": "Comprehensive design log for design decision/frontend targeting md."
  }
}