{
  "answers": {
    "phase": "coding",
    "action": "source code authoring",
    "scope": "cli",
    "action experience": 0,
    "target": "sql",
    "aimodel": "chatgpt 4o",
    "tool option": "online full",
    "experience with tool": 4,
    "time allocated (h)": "1.0",
    "time saved estimate (h)": "3",
    "quality of ai help": 5,
    "knowledge acquired": 4,
    "generic feeling - now": 2,
    "generic feeling - future": 3,
    "threat level": 4,
    "notes": "Log for source code authoring on cli with sql during coding."
  }
}