{
  "answers": {
    "phase": "coding",
    "action": "code management",
    "scope": "backend",
    "action experience": 0,
    "target": "java",
    "aimodel": "chatgpt 4o",
    "tool option": "online full",
    "experience with tool": 3,
    "time allocated (h)": "2.0",
    "time saved estimate (h)": "3",
    "quality of ai help": 5,
    "knowledge acquired": 4,
    "generic feeling - now": 3,
    "generic feeling - future": 5,
    "threat level": 4,
    "notes": "Log for code management on backend with java during coding."
  }
}