{
  "answers": {
    "phase": "coding",
    "action": "source code authoring",
    "scope": "cli",
    "action experience": 1,
    "target": "nosql db",
    "aimodel": "chatgpt 4o",
    "tool option": "online full",
    "experience with tool": 3,
    "time allocated (h)": "6.0",
    "time saved estimate (h)": "3",
    "quality of ai help": 5,
    "knowledge acquired": 1,
    "generic feeling - now": 4,
    "generic feeling - future": 4,
    "threat level": 3,
    "notes": "Log for source code authoring on cli with nosql db during coding."
  }
}