{
  "answers": {
    "phase": "architecture",
    "action": "architectural style selection",
    "scope": "uml other",
    "action experience": 1,
    "target": "MVC",
    "aimodel": "chatgpt 4o",
    "tool option": "online full",
    "experience with tool": 3,
    "time allocated (h)": "5.5",
    "time saved estimate (h)": "3",
    "quality of ai help": 5,
    "knowledge acquired": 1,
    "generic feeling - now": 3,
    "generic feeling - future": 3,
    "threat level": 3,
    "notes": "Architecture log for architectural style selection/uml other evaluating MVC."
  }
}