{
  "answers": {
    "phase": "deployment",
    "action": "dev-ops",
    "scope": "deployment scripts",
    "action experience": 3,
    "target": "nosql db",
    "aimodel": "chatgpt 4o",
    "tool option": "online full",
    "experience with tool": 4,
    "time allocated (h)": "2.5",
    "time saved estimate (h)": "3",
    "quality of ai help": 5,
    "knowledge acquired": 4,
    "generic feeling - now": 3,
    "generic feeling - future": 5,
    "threat level": 5,
    "notes": "Generated log for dev-ops on deployment scripts targeting nosql db in deployment phase."
  }
}