{
  "answers": {
    "phase": "coding",
    "action": "source code authoring",
    "scope": "data management",
    "action experience": 3,
    "target": "nosql db",
    "aimodel": "chatgpt 4o",
    "tool option": "online full",
    "experience with tool": 5,
    "time allocated (h)": "1.5",
    "time saved estimate (h)": "3",
    "quality of ai help": 5,
    "knowledge acquired": 3,
    "generic feeling - now": 2,
    "generic feeling - future": 2,
    "threat level": 2,
    "notes": "Log for source code authoring on data management with nosql db during coding."
  }
}