{
  "answers": {
    "phase": "deployment",
    "action": "dev-ops",
    "scope": "frontend",
    "action experience": 1,
    "target": "yaml/json",
    "aimodel": "chatgpt 4o",
    "tool option": "online full",
    "experience with tool": 4,
    "time allocated (h)": "5.5",
    "time saved estimate (h)": "3",
    "quality of ai help": 5,
    "knowledge acquired": 4,
    "generic feeling - now": 2,
    "generic feeling - future": 4,
    "threat level": 4,
    "notes": "Generated log for dev-ops on frontend targeting yaml/json in deployment phase."
  }
}