{
  "answers": {
    "phase": "design",
    "action": "design decision",
    "scope": "backend",
    "action experience": 0,
    "target": "txt/doc",
    "aimodel": "chatgpt 4o",
    "tool option": "online full",
    "experience with tool": 3,
    "time allocated (h)": "3.5",
    "time saved estimate (h)": "3",
    "quality of ai help": 5,
    "knowledge acquired": 2,
    "generic feeling - now": 3,
    "generic feeling - future": 5,
    "threat level": 3,
    "notes": "Comprehensive design log for design decision/backend targeting text/doc."
  }
}