{
  "answers": {
    "phase":
      "deployment",
    "action":
      "dev-ops",
    "scope":
      "backend",
    "action experience": 1,
    "target": "shell",
    "aimodel":
      "chatgpt 4o",
    "tool option": "online full",
    "experience with tool": 5,
    "time allocated (h)": "0.1",
    "time saved estimate (h)": "0.5",
    "quality of ai help": 4,
    "knowledge acquired": 3,
    "generic feeling - now": 4,
    "generic feeling - future": 4,
    "threat level": 2,
    "notes": "<fill in>"
  }
}
