{
  "answers": {
    "phase": "coding",
    "action": "source code authoring",
    "scope": "backend",
    "action experience": 0,
    "target": "python",
    "aimodel": "chatgpt 4o",
    "tool option": "online full",
    "experience with tool": 3,
    "time allocated (h)": "2.5",
    "time saved estimate (h)": "3",
    "quality of ai help": 5,
    "knowledge acquired": 3,
    "generic feeling - now": 2,
    "generic feeling - future": 5,
    "threat level": 5,
    "notes": "Log for source code authoring on backend with python during coding."
  }
}