{
  "answers": {
    "phase": "architecture",
    "action": "architectural decision",
    "scope": "uml component",
    "action experience": 2,
    "target": "other architecture",
    "aimodel": "chatgpt 4o",
    "tool option": "online full",
    "experience with tool": 3,
    "time allocated (h)": "3.5",
    "time saved estimate (h)": "3",
    "quality of ai help": 5,
    "knowledge acquired": 4,
    "generic feeling - now": 2,
    "generic feeling - future": 2,
    "threat level": 1,
    "notes": "Architecture log for architectural decision/uml component evaluating other architecture."
  }
}