{
  "answers": {
    "phase": 
      "architecture",
    "action": 
      "architectural style selection"
    ,
    "scope":
      "uml component"
    ,
    "action experience": 2,
    "target": 
      "microservices"
    ,
    "aimodel": 
      "chatgpt 4o"
    ,
    "tool option": "online full",
    "experience with tool": 4,
    "time allocated (h)": "0.1",
    "time saved estimate (h)": "0.5",
    "quality of ai help": 4,
    "knowledge acquired": 4,
    "generic feeling - now": 4,
    "generic feeling - future": 4,
    "threat level": 1,
    "notes": "<fill in>"
  }
}
