{
  "answers": {
    "phase": "coding",
    "action": "source code authoring",
    "scope": "data management",
    "action experience": 2,
    "target": "shell",
    "aimodel": "chatgpt 4o",
    "tool option": "online full",
    "experience with tool": 5,
    "time allocated (h)": "2.5",
    "time saved estimate (h)": "3",
    "quality of ai help": 5,
    "knowledge acquired": 4,
    "generic feeling - now": 4,
    "generic feeling - future": 4,
    "threat level": 5,
    "notes": "Log for source code authoring on data management with shell during coding."
  }
}