{
  "answers": {
    "phase": "design",
    "action": "data design",
    "scope": "api",
    "action experience": 1,
    "target": "md",
    "aimodel": "chatgpt 4o",
    "tool option": "online full",
    "experience with tool": 5,
    "time allocated (h)": "4.5",
    "time saved estimate (h)": "3",
    "quality of ai help": 5,
    "knowledge acquired": 3,
    "generic feeling - now": 3,
    "generic feeling - future": 5,
    "threat level": 3,
    "notes": "Comprehensive design log for data design/api targeting md."
  }
}