{
  "answers": {
    "phase": "coding",
    "action": "code management",
    "scope": "data management",
    "action experience": 1,
    "target": "php",
    "aimodel": "chatgpt 4o",
    "tool option": "online full",
    "experience with tool": 5,
    "time allocated (h)": "1.0",
    "time saved estimate (h)": "3",
    "quality of ai help": 5,
    "knowledge acquired": 4,
    "generic feeling - now": 3,
    "generic feeling - future": 5,
    "threat level": 4,
    "notes": "Log for code management on data management with php during coding."
  }
}