{
  "answers": {
    "phase": "architecture",
    "action": "architectural style selection",
    "scope": "uml class",
    "action experience": 1,
    "target": "SOA",
    "aimodel": "chatgpt 4o",
    "tool option": "online full",
    "experience with tool": 5,
    "time allocated (h)": "3.5",
    "time saved estimate (h)": "3",
    "quality of ai help": 5,
    "knowledge acquired": 3,
    "generic feeling - now": 3,
    "generic feeling - future": 3,
    "threat level": 2,
    "notes": "Architecture log for architectural style selection/uml class evaluating SOA."
  }
}