{
  "answers": {
    "phase": "coding",
    "action": "source code authoring",
    "scope": "frontend",
    "action experience": 1,
    "target": "nosql db",
    "aimodel": "chatgpt 4o",
    "tool option": "online full",
    "experience with tool": 5,
    "time allocated (h)": "2.0",
    "time saved estimate (h)": "3",
    "quality of ai help": 5,
    "knowledge acquired": 1,
    "generic feeling - now": 2,
    "generic feeling - future": 4,
    "threat level": 1,
    "notes": "Log for source code authoring on frontend with nosql db during coding."
  }
}