{
  "answers": {
    "phase": "architecture",
    "action": "architectural decision",
    "scope": "uml class",
    "action experience": 0,
    "target": "MVC",
    "aimodel": "chatgpt 4o",
    "tool option": "online full",
    "experience with tool": 5,
    "time allocated (h)": "3.0",
    "time saved estimate (h)": "3",
    "quality of ai help": 5,
    "knowledge acquired": 3,
    "generic feeling - now": 2,
    "generic feeling - future": 2,
    "threat level": 1,
    "notes": "Architecture log for architectural decision/uml class evaluating MVC."
  }
}